Name,Category,WaterNeeds,LightNeeds,Traits,SpringCare,SummerCare,FallCare,WinterCare,Advice
Maidenhair Fern,Fern,Consistently moist,Bright indirect,"high-humidity, delicate, shade-loving","Begin monthly fertilizing; Mist often; Add tray with water for humidity","Mist regularly; Trim dead fronds; Never let soil dry","Reduce watering slightly; Avoid direct light; Maintain humidity","Keep tray beneath pot filled; Keep away from windows and vents","Prefers pH 6.5 to 7 and high humidity. Use organic compost and keep soil consistently moist with a tray beneath the pot. This fern hates dry air and direct sunlight. Avoid touching the fronds. Bottom watering and misting work well."
Asparagus Fern,Fern,Consistently moist,Bright indirect,"bushy, resilient, prefers humidity","Begin pruning lightly; Increase misting; Feed monthly","Maintain moist soil; Can be moved outside in shade","Reduce feeding; Trim lightly; Keep out of wind","Keep soil moist; Bring indoors; Mist regularly","Prefers being rootbound. Use well-draining compost with pH around 6.5. High humidity improves leaf health. Avoid dry air. Prune when needed."
Boston Fern,Fern,Moist at all times,Moderate indirect,"frilly, sensitive to dryness, air-purifying","Reintroduce monthly fertilizer; Increase humidity","Mist daily; Avoid heat stress","Slow down watering slightly; Trim dead fronds","Keep away from heaters; Mist daily; Maintain stable humidity","Needs high humidity and peat-based soil. Avoid letting the soil dry out. Yellow fronds can mean dryness or salt buildup. Flush occasionally with clean water."
Calathea Amagris,Tropical foliage,Moist but not soggy,Moderate indirect,"patterned leaves, pet safe, humidity-loving","Start monthly fertilizing; Use distilled water","Maintain high humidity; Avoid bright light","Mist occasionally; Watch for dry tips","Keep warm; Reduce watering; Provide indirect light","Use a peat and coco coir mix with pH near 6.5. Water with dechlorinated or distilled water. Avoid soggy soil and harsh chemicals."
Calathea Exotica,Tropical foliage,Moist but not soggy,Moderate indirect,"tall leaves, sensitive to water quality","Start gentle feeding; Keep moist; Mist daily","Avoid cold water; Keep away from direct sun","Reduce watering slightly; Wipe leaves","Keep warm; Maintain humidity","Similar to Amagris. Needs soft, well-draining soil. Avoid dry air and unfiltered tap water. Curling leaves mean it's too dry or water quality is poor."
Snake Plant,Succulent,Let soil dry halfway,Moderate indirect,"hardy, drought-tolerant, low-light adaptable","Resume light watering; Rotate pot","Water deeply and let dry; Avoid direct heat","Water less often; Wipe dust from leaves","Water sparingly; Keep above 50F","Tolerates low light and neglect. Use coco coir-based soil. Root rot is common if overwatered. Let soil fully dry before watering again."
Pothos,Vine,Moderate,Low to Medium,"air-purifying, beginner-friendly, low-light tolerant","Start monthly feeding; Wipe leaves; Check for root crowding","Water more in heat; Avoid direct sunlight; Trim vines","Reduce watering slightly; Watch for yellowing leaves","Keep moist but not wet; Avoid cold drafts","Tolerant of many conditions. Grows quickly and can be propagated in water. Yellowing leaves often mean overwatering."
ZZ Plant,Shrub,Low to Moderate,Low to Bright indirect,"hardy, glossy leaves, air-purifying","Start monthly feeding; Clean leaves; Rotate pot","Let soil dry between waterings; Tolerates dry air","Reduce watering slightly","Water once a month; Keep in a warm spot","Very low maintenance. Shiny leaves and thick rhizomes store water. Avoid overwatering. Perfect for offices or low-light spaces."
Peace Lily,Flowering,High moisture,Medium to Low,"shade-tolerant, blooming, air-purifying","Use balanced fertilizer; Keep soil moist","Mist regularly; Avoid direct sunlight","Reduce watering; Expect fewer blooms","Keep warm and lightly watered","Soil should stay moist but not soggy. Dramatic wilting signals thirst. Toxic to pets. Clean leaves and use filtered water if tips brown."
Fiddle Leaf Fig,Tree,High,Bright indirect,"sculptural, humidity-loving, temperamental","Feed every 2 weeks; Rotate for even sun","Mist daily; Can move outdoors if warm","Reduce feeding; Watch for pests or leaf drop","Keep warm and bright; Reduce watering","Use peat and perlite mix with good drainage. Avoid moving often. Clean leaves. Sensitive to cold and inconsistent watering."
Chinese Evergreen,Broadleaf foliage,Lightly moist,Moderate indirect,"resilient, low-light tolerant, air-purifying","Start monthly feeding; Rotate regularly","Mist lightly; Avoid harsh sun","Ease off watering; Wipe leaves","Water less often; Avoid drafts","Can survive neglect. Best in filtered light. Use soil with perlite and bark. Toxic to pets. Wipe leaves to maintain shine."
Spider Plant,Grasslike foliage,Let top inch dry,Part shade to bright indirect,"beginner-friendly, fast-growing, air-purifying","Feed monthly; Remove offshoots","Water a bit more in heat; Mist occasionally","Cut brown tips; Reduce watering","Move to brighter spot; Water less often","Prefers to be rootbound. Avoid fluoride in tap water. Great for hanging pots. Brown tips are common but not dangerous."
Parlor Palm,Palm,Water when top inch is dry,Bright indirect,"low light-tolerant, pet safe, slow-growing","Light monthly feeding; Trim dead fronds","Increase light slightly; Mist weekly","Reduce feeding; Maintain light","Keep warm; Avoid overwatering","Classic indoor palm. Likes consistent conditions. Yellow leaves often mean too much water or low light. Avoid cold spots."
Orchid,Flowering,Let dry between watering,Bright indirect,"blooming, fussy roots, elegant","Use bloom fertilizer; Avoid crown watering","Watch humidity; Use airy bark mix","Cut old flower spikes; Feed lightly","Keep in bright room; Water once per week","Needs orchid-specific potting mix. Water at base, not the crown. Keep roots airy. Mist only in dry air. Avoid soggy roots."
Donkey Ears,Succulent,Let top 2 inches dry,Part shade,"puckered leaves, makes pups, hardy","Water lightly; Check for new pups","Can tolerate full sun; Water deeply","Cut back leggy growth; Use dry soil","Keep dry and warm","Kalanchoe with thick leaves and pups on edges. Needs sandy soil and strong drainage. Do not overwater. Remove pups to repot."
Nerve Plant,Tropical groundcover,Keep moist,Bright indirect,"small, colorful veins, high humidity","Feed monthly; Mist daily","Keep cool and moist; Avoid sun","Ease up watering; Watch leaf edges","Use humidifier or tray","Also called Fittonia. Perfect for terrariums. Droops dramatically when thirsty. Use peat-based soil. High humidity is essential."
Philodendron Heartleaf,Vine,Let top inch dry,Bright indirect,"trailing, easy, light toxicity","Start feeding monthly; Add stake or trellis","Trim vines; Avoid direct sun","Rotate plant; Reduce watering","Water only when soil feels dry","Great for hanging or shelf pots. Easy to propagate. Slightly toxic. Use airy soil with perlite. Wipe leaves monthly."
Club Moss (Frosty),Moss-like foliage,Keep moist,Moderate indirect,"shallow-rooted, soft, humidity-lover","Use pebble tray; Mist regularly","Avoid direct heat; Keep moist","Trim lightly; Reduce watering","Keep tray full; Provide stable humidity","Prefers peat and coir in shallow containers. Very sensitive to drying out. Ideal for bathrooms. Keep away from direct heat."
Peace Lily,Flowering,Keep soil moist,Low to Medium indirect,"blooming, sensitive, air-purifying","Start fertilizer routine; Clean leaves","Mist often; Avoid bright light","Fewer blooms expected; Reduce watering","Keep warm and humid","Easy to read: wilts when thirsty, perks up after. Great for low light. Soil should stay evenly moist. Toxic if ingested."
"Rex Begonia","Tropical foliage","Keep moist; let top dry","Moderate indirect","bright leaves, shallow-rooted, fussy","Feed biweekly; Use shallow pot","Avoid direct sun; Mist carefully","Ease up feeding; Trim leggy growth","Keep warm; Use humidifier","Gorgeous foliage plant. Needs porous mix in shallow container. Keep leaves dry. Avoid moving often. Bright but indirect light preferred."